﻿<?xml version="1.0" encoding="UTF-8" standalone="yes"?>
<addon id="repository.NRJBox" name="[COLOR green][B]NRJ[/B][/COLOR][COLOR white][B]Box Repository[/B][/COLOR]" version="0.5" provider-name="NRJ">
	<extension point="xbmc.addon.repository" name="[COLOR green][B]NRJ[/B][/COLOR][COLOR white][B]Box[/B][/COLOR]">
		<info compressed="false">https://raw.githubusercontent.com/NRJBox/NRpo/master/addons.xml</info>
		<checksum>https://raw.githubusercontent.com/NRJBox/NRpo/master/addons.xml.md5</checksum>
		<datadir zip="true">https://github.com/NRJBox/NRpo/tree/master/repo</datadir>
	</extension>
  <requires>
    <import addon="xbmc.python" version="2.1.0"/>
    <import addon="script.module.beautifulsoup" version="3.2.1"/>
    <import addon="script.module.simple.downloader" version="0.9.4"/>
    <import addon="script.module.beautifulsoup4" />
    <import addon="script.module.requests" />
    <import addon="script.module.httplib2" />
    <import addon="script.module.liveresolver" version="0.1.24" optional="true"/>
    <import addon="script.module.youtube.dl" optional="true"/>
    <import addon="plugin.video.youtube" optional="true" />
	<import addon="plugin.video.SportsDevil" optional="true" />
    <import addon="script.module.urlresolver" optional="true"/>
    <import addon="script.module.simplejson" />    
     <import addon="script.module.livestreamer" optional="true"/>
     <import addon="script.module.pyamf" optional="true"/>
  </requires>
	<extension point="xbmc.addon.metadata">
		<summary>[COLOR white][B]Repositorio oficial do [/B][/COLOR][COLOR green][B]NRJ[/B][/COLOR][COLOR white][B]Box[/B][/COLOR]</summary>
		<description>[COLOR white][B]Repositorio usado para a instalação dos plugins NRJ.[/B][/COLOR]</description>
		<disclaimer>Esta é uma versão alpha do repositorio, tudo o que você ver aqui pode ser alterado e pode ser considerado algum tipo de teste para a futura versão 1.0 do repositorio</disclaimer>
		<platform>all</platform>
	</extension>
</addon>